"시스템키","가로수길명","가로수길시작경도","가로수길시작위도","가로수길종료경도","가로수길종료위도","가로수종류","가로수수량","가로수길길이","식재년도","가로수길소개","도로명","도로종류","도로구간","관리기관전화번호","관리기관명","데이터기준일자","제공기관코드","제공기관명"
"3565","북면위례성로길","127.252726","36.770041","127.250476","36.771255","벚나무","105","14","","벚나무가 식재되어 있어 봄꽃길을 선사함","","","연춘리~북면면사무소","041-521-2778","충청남도천안시","2022-06-15","4490000",""
"3566","번영로","127.127391","36.853156","127.149231","36.863283","이팝나무","1034","2","","이팝나무 식재되어 있어 봄꽃길을 선사함","","","운동장사거리~세집매삼거리","041-521-2778","충청남도천안시","2022-06-15","4490000",""
"3567","버들로길","127.158416","36.806721","127.154429","36.808278","능수버들","119","1","","능수버들 상징수목","","","원성주유소~천안역","041-521-2778","충청남도천안시","2022-06-15","4490000",""
"3568","태조산길","127.188127","36.824893","127.196583","36.818666","은행나무","325","1.5","","은행나무가 식재되어 있어 가을철 아름다운 단풍을 느낄 수 있음","","","태조산공원~계성원입구","041-521-2778","충청남도천안시","2022-06-15","4490000",""
"3569","국도29호선","126.500907","36.070708","126.471505","36.211601","이팝나무+왕벚나무","1484","39.54","","국도변","국도29호선","일반국도","양화면(서천경계)~은산면 나령리(청양경계)","041-830-2428","충청남도 부여군청","2022-11-16","4570000",""
"3570","국도40호선","126.592104","36.195301","126.433104","36.170807","소나무+은행나무+왕벚나무+이팝나무","1117","37.03","","국도변","국도40호선","일반국도","부여읍(공주경계)~외산면(보령경계)","041-830-2428","충청남도 부여군청","2022-11-16","4570000",""
"3571","계백로","126.552108","36.170004","126.525005","36.162706","소나무+왕벚나무+이팝나무+단풍나무","290","4.4","","시가지","계백로","지방도","부여읍 동부농협사거리~규암초","041-830-2428","충청남도 부여군청","2022-11-16","4570000",""
"3572","국도4호선","127.034681","36.130774","126.420108","36.110538","이팝나무+소나무","3373","36.51","","국도변","국도4호선","일반국도","석성면(논산경계)~옥산면(서천경계)","041-830-2428","충청남도 부여군청","2022-11-16","4570000",""
"3573","궁남로","126.545101","36.161306","126.544507","36.163308","소나무","64","0.6","","시가지","궁남로","지방도","부여읍 궁남사거리~궁남지주차장","041-830-2428","충청남도 부여군청","2022-11-16","4570000",""
"3574","금성로","126.545905","36.163308","126.554504","36.160505","소나무+은행나무","280","1.5","","시가지","금성로","지방도","부여읍 가탑리~부여박물관","041-830-2428","충청남도 부여군청","2022-11-16","4570000",""
"3575","나루터로","126.544101","36.165903","126.542557","36.171798","소나무+왕벚나무+은행나무","342","0.7","","시가지","나루터로","지방도","부여읍 구드래공원~백제대교","041-830-2428","충청남도 부여군청","2022-11-16","4570000",""
"3576","마정로","126.520908","36.135207","126.502405","36.125809","이팝나무","66","3.5","","시가지","마정로","지방도","장암면 합곡리~합곡삼거리","041-830-2428","충청남도 부여군청","2022-11-16","4570000",""
"3577","북포로","126.551807","36.172905","126.554501","36.170307","소나무","74","1.2","","시가지","북포로","지방도","부여읍 대향로로터리~백제관광호텔","041-830-2428","충청남도 부여군청","2022-11-16","4570000",""
"3578","흑천로","126.550107","36.166011","126.550808","36.165104","왕벚나무","113","0.3","","시가지","흑천로","지방도","부여읍 부여군시설관리공단~민윤기치과","041-830-2428","충청남도 부여군청","2022-11-16","4570000",""
"3579","사비로","126.543707","36.165801","126.543709","36.162104","이팝나무+왕벚나무","173","1.1","","시가지","사비로","지방도","부여읍 보건소로터리~군청","041-830-2428","충청남도 부여군청","2022-11-16","4570000",""
"3580","서동로","126.541606","36.162104","126.550806","36.162406","소나무+왕벚나무+목련나무","220","1.3","","시가지","서동로","지방도","부여읍 동남아파트~궁남지","041-830-2428","충청남도 부여군청","2022-11-16","4570000",""
"3581","석탑로","126.544508","36.163401","126.544509","36.165904","이팝나무+단풍나무","132","0.7","","시가지","석탑로","지방도","부여읍 미성삼거리~궁남사거리","041-830-2428","충청남도 부여군청","2022-11-16","4570000",""
"3582","의사총사거리~문화회관","126.669793","36.604665","126.653114","36.594932","소나무+팥배나무","310","2.6","","의사총사거리 에서 문화회관 까지 소나무+팥배나무 식재","국도21","일반국도","의사총사거리~문화회관","041-630-1268","충청남도 홍성군청","2022-07-29","4600000",""
"3583","국도21-광천","126.630936","36.535986","126.625186","36.527239","왕벚나무+이팝나무","314","1.1","","국도21에서 광천 길 왕벚나무+이팝나무 식재","국도21","일반국도","국도21-광천","041-630-1268","충청남도 홍성군청","2022-07-29","4600000",""
"3584","국도21-금마","126.686903","36.597809","126.735725","36.627315","왕벚나무+이팝나무","415","6","","국도21에서 금마 길 왕벚나무+이팝나무 식재","국도21","일반국도","국도21-금마","041-630-1268","충청남도 홍성군청","2022-07-29","4600000",""
"3585","국도21-홍북","126.735988","36.627571","126.747627","36.642486","왕벚나무+이팝나무","149","2","","국도21에서 홍북 길 왕벚나무+이팝나무 식재","국도21","일반국도","국도21-홍북","041-630-1268","충청남도 홍성군청","2022-07-29","4600000",""
"3586","국도21-구항","126.632423","36.538414","126.650613","36.569576","왕벚나무+이팝나무","324","3.9","","국도21에서 구항 길 왕벚나무+이팝나무 식재","국도21","일반국도","국도21-구항","041-630-1268","충청남도 홍성군청","2022-07-29","4600000",""
"3587","문화회관~갈산사거리(갈산)","126.584086","36.596218","126.548122","36.602261","왕벚나무+이팝나무","930","6.2","","문화회관에서 갈산 길 왕벚나무+이팝나무 식재","국도29","일반국도","문화회관~갈산사거리","041-630-1268","충청남도 홍성군청","2022-07-29","4600000",""
"3588","문화회관~갈산사거리(구항)","126.631832","36.585501","126.584256","36.595979","왕벚나무+이팝나무","748","4.9","","문화회관에서 구항 길 왕벚나무+이팝나무 식재","국도29","일반국도","문화회관~갈산사거리","041-630-1268","충청남도 홍성군청","2022-07-29","4600000",""
"3589","문화회관~갈산사거리(홍성)","126.632927","36.585616","126.651816","36.593827","왕벚나무+이팝나무","414","2","","문화회관에서 홍성 길 왕벚나무+이팝나무 식재","국도29","일반국도","문화회관~갈산사거리","041-630-1268","충청남도 홍성군청","2022-07-29","4600000",""
"3590","남부우회도로","126.633506","36.585608","126.686564","36.596583","왕벚나무+이팝나무","655","6.7","","남부우회도로 길 왕벚나무+이팝나무 식재","국도29","일반국도","남부우회도로","041-630-1268","충청남도 홍성군청","2022-07-29","4600000",""
"3591","내갈리~가곡리","126.570098","36.601691","126.584739","36.615976","살구나무","109","2.2","","홍성군 가로수길 살구나무 식재","국도40","일반국도","내갈리~가곡리","041-630-1268","충청남도 홍성군청","2022-07-29","4600000",""
"3592","이호리~남당리","126.515168","36.583029","126.472332","36.541145","왕벚나무","883","7.7","","홍성군 가로수길 왕벚나무 식재","국도40","일반국도","이호리~남당리","041-630-1268","충청남도 홍성군청","2022-07-29","4600000",""
"3593","갈산사거리~서부광리입구(서부)","126.545602","36.601607","126.505478","36.598045","왕벚나무+이팝나무","831","4","","홍성군 가로수길 왕벚나무+이팝나무","국도40","일반국도","갈산사거리~서부광리입구","041-630-1268","충청남도 홍성군청","2022-07-29","4600000",""
"3594","임해터널","126.540736","36.612204","126.529531","36.612264","은행나무+배롱나무","200","1","","홍성군 가로수길 은행나무+배롱나무","군도10","군도","임해터널","041-630-1268","충청남도 홍성군청","2022-07-29","4600000",""
"3595","용호진료소~교항진료소","126.558807","36.577217","126.542643","36.575763","무궁화","650","1.6","","홍성군 가로수길 무궁화 식재","군도12","군도","용호진료소~교항진료소","041-630-1268","충청남도 홍성군청","2022-07-29","4600000",""
"3596","김좌진생가~용호진료소(갈산)","126.544095","36.600261","126.556856","36.579499","무궁화","1068","2.8","","홍성군 가로수길 무궁화 식재","군도13","군도","김좌진생가~용호진료소","041-630-1268","충청남도 홍성군청","2022-07-29","4600000",""
"3597","김좌진생가~용호진료소(결성)","126.556912","36.579178","126.556572","36.577592","무궁화","118","0.2","","홍성군 가로수길 무궁화 식재","군도13","군도","김좌진생가~용호진료소","041-630-1268","충청남도 홍성군청","2022-07-29","4600000",""
"3598","하리삼거리~조류탐사관입구","126.459081","36.594769","126.464473","36.593655","팥배나무","120","0.6","","홍성군 가로수길 팥배나무 식재","군도14","군도","하리삼거리~조류탐사관입구","041-630-1268","충청남도 홍성군청","2022-07-29","4600000",""
"3599","내현삼거리~은하면사무소(구항)","126.599851","36.580503","126.586531","36.568023","은행나무","139","1.9","","홍성군 가로수길 은행나무 식재","군도16","군도","내현삼거리~은하면사무소","041-630-1268","충청남도 홍성군청","2022-07-29","4600000",""
"3600","내현삼거리~은하면사무소(은하)","126.586341","36.567866","126.591124","36.541239","은행나무","323","3.2","","홍성군 가로수길 은행나무 식재 은하 구간","군도16","군도","내현삼거리~은하면사무소","041-630-1268","충청남도 홍성군청","2022-07-29","4600000",""
"3601","대천삼거리~화봉리농공단지앞","126.588035","36.527771","126.588414","36.516753","왕벚나무","180","1.3","","홍성군 가로수길 왕벚나무  대천삼거리에서 화봉 앞까지","군도16","군도","대천삼거리~화봉리농공단지앞","041-630-1268","충청남도 홍성군청","2022-07-29","4600000",""
"3602","은하면사무소~목현리","126.590095","36.531861","126.571267","36.518552","왕벚나무","278","2.6","","홍성군 가로수길 왕벚나무 은하면사무소에서 목현리까지 식재","군도16","군도","은하면사무소~목현리","041-630-1268","충청남도 홍성군청","2022-07-29","4600000",""
"3603","금천리 산수유","126.778651","36.881618","126.776911","36.885081","산수유+소나무","56","0.5","2010","신평농협오거리부터 주거단지까지 산수유식재를 통해서 쾌적한 녹지공간을 누릴 수 있다","신평리가아파트 진입도로","시도","금천리","041-350-4190","충청남도 당진시청","2022-12-01","5680000",""
"3604","대한전선 왕벚나무","126.593785","36.963371","126.610247","36.957166","왕벚나무","94","0.8","2010","대한전선 진입도로에 왕벚나무를 식재함으로써 쾌적한 가로경관을 감상할 수 있다","대한전선진입도로","시도","성산리~장항리","041-350-4190","충청남도 당진시청","2022-12-01","5680000",""
"3605","송악 이팝나무","126.696769","36.904261","126.693546","36.906024","이팝나무","38","0.3","2010","송악 주거단지 옆 도로에 이팝나무를 식재함으로써 푸른 가로경관을 감상할 수 있다","송악e-편한세상 옆도로","시도","반촌리~가학리","041-350-4190","충청남도 당진시청","2022-12-01","5680000",""
"3606","신복운로 벚나무","126.782895","36.944912","126.777619","36.938992","왕벚나무","189","1.5","2016","신복운로 왕벚나무식재를 통해서 삭막한 주거단지 주변에 푸른 녹지공간을 감상할 수 있다","신복운로","시도","복운리~한진리","041-350-4190","충청남도 당진시청","2022-12-01","5680000",""
"3607","장고항해안도로 벚나무","126.565013","37.025025","126.551308","37.034473","벚나무+왕벚나무","904","7.3","2016","석문방조제도로에 식재된 벚나무를 통해 해변과 가로수의 조화를 느낄 수 있다","석문방조제로","시도","장고항리","041-350-4190","충청남도 당진시청","2022-12-01","5680000",""
"3608","삼선산수목원 벚나무","126.593399","36.917472","126.595056","36.915733","벚나무","206","1.6","2016","수목원 진입로 내 벚나무식재를 통해 수목원 초입부터 녹지공간의 아름다운 경관을 느낄 수 있다","정미로","시도","진관리","041-350-4190","충청남도 당진시청","2022-12-01","5680000",""
"3609","대덕수청지구 이팝나무","126.641431","36.891021","126.628623","36.888389","이팝나무+느티나무+메타세콰이어+복자기나무+왕벚나무+삼각단풍나무","1096","8.2","2012","대덕수청지구 내 이팝나무+ 메타세콰이어+ 느티나무+ 복자기나무+ 왕벚나무+ 삼각단풍과 같은 다양한수종의 가로경관을 느낄 수 있다","대덕수청지구도로","시도","수청동","041-350-4190","충청남도 당진시청","2022-12-01","5680000",""
"3610","당진1지구 이팝나무","126.624761","36.896826","126.628834","36.901489","이팝나무+느티나무","185","1.5","2012","당진1지구 주변 이팝나무와 느티나무 가로수 조성을 통해서 도시공간 안에서 녹지공간의 쾌적함을 느낄 수 있다.","당진1지구","시도","읍내동","041-350-4190","충청남도 당진시청","2022-12-01","5680000",""
"3611","롯데마트 이팝나무","126.647568","36.903858","126.647472","36.907101","이팝나무+반송","378","1","2009","유동인구가 많은 롯데마트인근에 이팝나무를 식재함으로써 녹색공간확보와 쾌적한 가로경관을 조성함","롯데마트 진입로","시도","원당동","041-350-4190","충청남도 당진시청","2022-12-01","5680000",""
"3612","신평도시계획도로 소나무","126.776881","36.882631","126.775937","36.881448","소나무+은행나무","38","0.5","2013","신평리가아파트 진입로에 소나무를 식재함으로써 시민들이 이동간 녹색공간을 누릴 수 있는 기회를 제공함","신평도시계획도로","시도","금천리","041-350-4190","충청남도 당진시청","2022-12-01","5680000",""
"3613","석문호변 왕벚나무","126.681554","36.994494","126.628328","36.956775","왕벚나무","474","3.8","2013","석문호변도로에 심겨진 벚나무를 따라 쾌적하고 즐거운 운전을 즐길 수 있다","석문호변도로","시도","당산리~가곡리","041-350-4190","충청남도 당진시청","2022-12-01","5680000",""
"3614","솔뫼성지 소나무","126.782532","36.817862","126.777202","36.812549","소나무","82","0.6","2013","솔뫼성지 진입로변 소나무를 가로수로 조성하여 고즈넉한 분위기와 쾌적한 녹지공간을 느낄 수 있다","솔뫼성지 진입도로","시도","송산리","041-350-4190","충청남도 당진시청","2022-12-01","5680000",""
"3615","석문국가시도 이팝나무","126.574678","37.017889","126.599645","36.988488","이팝나무+소나무","13484","109","2017","석문시도내 이팝나무와 소나무를 식재하여 시도의 삭막함을 해소하고 쾌적한 가로경관을 느낄 수 있다","석문시도도로","시도","장고항리","041-350-4190","충청남도 당진시청","2022-12-01","5680000",""
"3616","송산2일반시도","126.685271","36.974002","126.713834","36.979671","벚나무+이팝나무+은행나무+메타세콰이어","2927","24.7","2013","송산2일반시도 내에 식재된 가로수를 통해 쾌적한 가로경관을 느낄 수 있다","송산2일반시도도로","시도","유곡리~동곡리","041-350-4190","충청남도 당진시청","2022-12-01","5680000",""
"3617","합덕일반시도","126.741141","36.822544","126.742894","36.821931","벚나무+이팝나무+은행나무+느티나무","1520","14","2014","합덕일반시도도로 내에 가로수식재를 통해 쾌적한 가로경관을 느낄 수 있다","합덕일반시도도로","시도","운산리~소소리","041-350-4190","충청남도 당진시청","2022-12-01","5680000",""
"3618","아산국가시도","126.747378","36.984368","126.786568","36.941671","플라타너스+회화나무","4383","30","2015","아산국가시도도로 내에 가로수식재를 통해 쾌적한 가로경관을 느낄 수 있다","아산국가시도도로","시도","부곡리","041-350-4190","충청남도 당진시청","2022-12-01","5680000",""
"3619","합덕인더스파크","126.744345","36.790855","126.744319","36.786944","왕벚나무+이팝나무","838","6.7","2017","합덕인더스파크 시도 내 왕벚나무와 이팝나무 가로수를 볼 수 있다","합덕인더스파크 시도도로","시도","석우리","041-350-4190","충청남도 당진시청","2022-12-01","5680000",""
"3620","송악지구 도시개발사업 가로수","126.693946","36.898951","126.697777","36.901649","소나무+이팝나무","276","2.2","2017","송악지구 내 소나무와 이팝나무 가로수를 볼 수 있다","송악지구 도시계획도로","시도","기지시리","041-350-4190","충청남도 당진시청","2022-12-01","5680000",""
"3621","우강송산지구 도시개발사업 가로수","126.775934","36.811448","126.773512","36.811461","은행나무+왕벚나무","232","1.8","2015","우상송산지구 내 은행나무와 왕벚나무 가로수를 볼 수 있다","우강송산지구 도시계획도로","시도","송산리","041-350-4190","충청남도 당진시청","2022-12-01","5680000",""
"3622","우강평야1로","126.820008","36.822029","126.837391","36.805561","무궁화","1465","2.5","2019","우강평야1로 내 무궁화 가로수를 볼 수 있다","우강평야1로","시도","내경리~소반리","041-350-4190","충청남도 당진시청","2022-12-01","5680000",""
"3623","시도 1호선 벚나무","126.639318","36.872547","126.654959","36.828486","벚나무","731","5.8","1990","시도1호선 도로를 따라 약7km 길이의 시원환 가로경관에 펼쳐진 아름다운 벚나무를 볼 수 있다","시도1호선","시도","대덕동~송학리","041-350-4190","충청남도 당진시청","2022-12-01","5680000",""
"3624","시도 3호선 버즘나무","126.752305","36.876934","126.814551","36.775057","목백합+버즘나무+은행나무","1038","6.2","1985","시도3호선 도로를 따라 약14km 길이의 시원환 가로경관에 펼쳐진 목백합+ 버즘나무+ 은행나무를 볼 수 있다","시도3호선","시도","상오리~옥금리","041-350-4190","충청남도 당진시청","2022-12-01","5680000",""
"3625","시도 5호선 목백합","126.700651","36.904641","126.716301","36.896382","목백합+은행나무","60","0.5","1985","시도5호선 도로를 따라 약3km 길이의 시원환 가로경관에 펼쳐진 목백합+ 은행나무를 볼 수 있다","시도5호선","시도","반촌리","041-350-4190","충청남도 당진시청","2022-12-01","5680000",""
"3626","시도 8호선 버즘나무","126.754499","36.880234","126.760427","36.884678","버즘나무","34","0.2","1985","시도8호선 도로를 따라 약1km 길이의 시원환 가로경관에 펼쳐진 버즘나무를 볼 수 있다","시도8호선","시도","거산리~금천리","041-350-4190","충청남도 당진시청","2022-12-01","5680000",""
"3627","시도 17호선 버즘나무","126.615245","36.882207","126.603151","36.839187","버즘나무","60","0.5","1985","시도17호선 도로를 따라 약6km 길이의 시원환 가로경관에 펼쳐진 버즘나무를 볼 수 있다","시도17호선","시도","행정동~사기소동","041-350-4190","충청남도 당진시청","2022-12-01","5680000",""
"3628","시도 20호선 목백합","126.660206","36.903947","126.649141","36.906903","목백합+은행나무","60","0.5","1985","시도20호선 도로를 따라 약1km 길이의 시원환 가로경관에 펼쳐진 목백합과 은행나무를 볼 수 있다","시도20호선","시도","시곡동~원당동","041-350-4190","충청남도 당진시청","2022-12-01","5680000",""
"3629","채운동 메타세콰이어","126.624681","36.889288","126.616933","36.884101","메타세콰이어","126","1","1985","채운동 내에 식재된 수형이 아름다운 메타세콰이어를 보며 삭막한 건물 사이 쾌적한 녹지공간을 경험할 수 있다","당진시가지도로2","시도","채운동~행정동","041-350-4190","충청남도 당진시청","2022-12-01","5680000",""
"3630","원도심 은행나무","126.632676","36.900339","126.635349","36.896964","은행나무","46","0.4","2004","원도심내 약1km구간에 은행나무를 보며 도심지 내 아름다운 경관을 감상할 수 있다","당진시가지도로1","시도","읍내동","041-350-4190","충청남도 당진시청","2022-12-01","5680000",""
"3631","원당동 느티나무","126.643212","36.903758","126.647538","36.903208","느티나무+벚나무+이팝나무","723","5.7","2005","당진 터미널인근 약4.5km 구간에 느티나무+ 벚나무+ 이팝나무를 보며 도심지 내 녹지공간을 경험할 수 있다","당진시가지도로3","시도","원당동","041-350-4190","충청남도 당진시청","2022-12-01","5680000",""
"3632","읍내지구 느티나무","126.623124","36.895717","126.647541","36.886466","느티나무+메타세콰이어+이팝나무","576","4.8","2006","읍내지구 내 1km구간에 느티나무+ 메타세콰이어+ 이팝나무를 통해 도심지 내 녹지경관을 관람할 수 있다","당진시가지도로4","시도","읍내동","041-350-4190","충청남도 당진시청","2022-12-01","5680000",""
"3633","시청 소나무","126.644218","36.890949","126.647631","36.886681","소나무","162","1.5","2010","시청주변 소나무가로수를 보며 청사와 소나무의 조화로운 경관을 느낄 수 있다","당진도시계획도로","시도","수청동","041-350-4190","충청남도 당진시청","2022-12-01","5680000",""
"3634","선관위 소나무","126.635786","36.890849","126.633471","36.890411","소나무+청단풍+마로니에","73","0.5","2008","선관위와 남산공원을 둘러싸고 있는 가로수를 보며 아름다운 가로경관을 감상할 수 있다","당진도시계획도로(중로2-5)","시도","읍내동","041-350-4190","충청남도 당진시청","2022-12-01","5680000",""
"3635","당진3동 이팝나무","126.641344","36.908179","126.647462","36.903661","이팝나무","52","0.5","2009","주거단지와 대형마트를 가로지르는 이팝나무 가로경관을 감상할 수 있다","당진도시계획도로(중로1-4)","시도","원당동","041-350-4190","충청남도 당진시청","2022-12-01","5680000",""
"3636","한라비발디 이팝나무","126.641391","36.908228","126.642562","36.905937","이팝나무","50","0.5","2009","주거단지를 둘러싸고있는 이팝나무를 보며 아름다운 녹지경관을 감상할 수 있다","당진도시계획도로(소로2-230)","시도","원당동","041-350-4190","충청남도 당진시청","2022-12-01","5680000",""
"3637","원당초등학교 이팝나무","126.644407","36.907551","126.638351","36.902667","이팝나무","37","0.3","2009","32번국도 합류노선에 이팝나무가 식재되어 삭막한 도로에 녹색경관을 느낄 수 있다","당진도시계획도로(중로1-5)","시도","원당동","041-350-4190","충청남도 당진시청","2022-12-01","5680000",""
"3638","우체국 이팝나무","126.625184","36.892638","126.624804","36.884446","이팝나무","78","0.6","2009","채운동일원 이팝나무 식재를 통해 삭막한 도심지내 녹지경관을 관람할 수 있다","당진도시계획도로(중로2-1)","시도","채운동","041-350-4190","충청남도 당진시청","2022-12-01","5680000",""
"3639","국지도70호 은행나무","126.766126","36.812535","126.776001","36.810467","은행나무+소나무","199","0.5","1990","합덕버스터미널부터 마을회관까지 이어진 은행나무를 통해 아름다운 녹지경관을 감상할 수 있다","70호선","일반국도","송산리","041-350-4190","충청남도 당진시청","2022-12-01","5680000",""
"3640","기지시 메타세콰이아","126.689893","36.906691","126.698974","36.905101","메타세콰이아","176","1.4","2000","기지시 내 메타세콰이어를 통해 울창한 가로경관을 느낄 수 있다","기지시외곽도로","시도","기지시리~반촌리","041-350-4190","충청남도 당진시청","2022-12-01","5680000",""
"3641","석문방조제 자귀나무","126.684002","36.998018","126.579191","37.025331","자귀나무","900","7.2","2002","석문방조제도로에 식재된 자귀나무를 통해 해변과 가로수의 조화를 느낄 수 있다","석문방조제도로","시도","가곡리~장고항리","041-350-4190","충청남도 당진시청","2022-12-01","5680000",""
"3642","합덕 이팝나무","126.767141","36.812139","126.772161","36.810232","이팝나무+은행나무","474","3.8","2003","합덕읍사무소 관내 일원 이팝나무와 은행나무 식재를 통해 관내 녹지경관을 감상할 수 있다","합덕구획지구","시도","합덕읍","041-350-4190","충청남도 당진시청","2022-12-01","5680000",""
"3643","기지시 이팝나무","126.688282","36.902692","126.689979","36.906716","이팝나무","111","0.9","2009","기지시 내 이팝나무 식재를 통해 푸른 녹지경관을 감상할 수 있다","송악도시계획도로(중로1-3)","시도","기지시리","041-350-4190","충청남도 당진시청","2022-12-01","5680000",""
"3644","금천리 이팝나무","126.769201","36.883854","126.771791","36.883454","이팝나무","54","0.5","2009","금천리 내 이팝나무를 통한 녹지경관을 감상할 수 있다","신평도시계획도로(중로2-2)","시도","금천리","041-350-4190","충청남도 당진시청","2022-12-01","5680000",""
"3645","거산리 이팝나무","126.755049","36.881006","126.757638","36.880252","이팝나무","41","0.4","2011","거산리 내 이팝나무 식재를 통해 주거단지와 학교사이에 푸른 공간을 누릴 수 있다","신평도시계획도로(중로1-3/중로1-4)","시도","거산리","041-350-4190","충청남도 당진시청","2022-12-01","5680000",""
"3646","국도 32호선 이팝나무","126.789478","36.772305","126.645683","36.902991","이팝나무","2155","16.3","2007","국도32호선 도로를 따라 약28km 길이의 시원한 가로경관에 이팝나무를 볼 수 있다","국도32호선","일반국도","신석리~수청동","041-350-4190","충청남도 당진시청","2022-12-01","5680000",""
"3647","국도 34호선 메타세콰이어","126.825896","36.885096","126.748677","36.880656","메타세콰이어+이팝나무","405","3.2","2000","국도34호선 도로를 따라 약8km 길이의 시원한 가로경관에 메타세콰이어와 이팝나무를 볼 수 있다","국도34호선","일반국도","운정리~거산리","041-350-4190","충청남도 당진시청","2022-12-01","5680000",""
"3648","국도 38호선 이팝나무","126.812694","36.881424","126.677998","36.978877","메타세콰이어+이팝나무+복자기나무+해송","3016","25","2001","국도38호선 도로를 따라 약32km 길이의 시원한 가로경관에 메타세콰이어+ 이팝나무+ 복자기나무+ 해송을 볼 수 있다","국도38호선","일반국도","도성리~통정리","041-350-4190","충청남도 당진시청","2022-12-01","5680000",""
"3649","지방도633호선 소나무","126.644219","36.916366","126.649728","36.918925","소나무+이팝나무+메타세콰이아+왕벚나무+스트로브잣나무+산수유+참나무","479","3.8","1980","지방도633호선 도로에 식재된 소나무 등을 보며 쾌적한 녹지공간을 경험할 수 있다","지방도633호선","지방도","금암리","041-350-4190","충청남도 당진시청","2022-12-01","5680000",""
"3650","지방도 619호선 메타세콰이어","126.703352","36.851375","126.753866","36.942766","메타세콰이어","615","4.9","2000","지방도619호선 도로를 따라 약3km 길이의 시원환 가로경관에 메타세콰이어를 볼 수 있다","지방도619호선","지방도","봉소리~오곡리","041-350-4190","충청남도 당진시청","2022-12-01","5680000",""
"3651","지방도 615호선 피나무","126.631066","36.884987","126.595078","36.967236","피나무+해송+소나무+청단풍+복자기나무+느티나무+무궁화","1602","12.8","2004","지방도615호선 도로를 따라 약16km 길이의 시원환 가로경관에 피나무+ 해송+ 소나무+ 청단풍+ 복자기나무+ 무궁화를 볼 수 있다","지방도615호선","지방도","채운동~고대면","041-350-4190","충청남도 당진시청","2022-12-01","5680000",""
"3652","지방도 622호선 은행나무","126.769191","36.811126","126.783253","36.811711","은행나무+이팝나무","109","1.5","1991","지방도622호선 도로를 따라 약1.5km 길이의 시원환 가로경관에 은행나무+이팝나무를 볼 수 있다","지방도622호선","지방도","창리~운산리","041-350-4190","충청남도 당진시청","2022-12-01","5680000",""
"3653","지방도 647호선 무궁화","126.568531","36.885284","126.504471","36.899239","무궁화","2383","13.2","2018","지방도647호선 도로를 따라 약3.3km 무궁화 가로수를 볼 수 있다.","지방도647호선","지방도","천의리~조금리","041-350-4190","충청남도 당진시청","2022-12-01","5680000",""
"3654","지방도 649호선 복자기","126.593303","36.924654","126.580077","36.911692","복자기","268","3.1","2017","지방도649호선 도로를 따라 복자기 가로수를 볼 수 있다.","지방도649호선","지방도","진관리","041-350-4190","충청남도 당진시청","2022-12-01","5680000",""
"3655","수덕사 진입로","126.642432","36.672865","126.616336","36.650503","왕벚나무","223","3.5","1995","충의사를 지나 수덕사로 향하는 길에 왕벚나무를 식재, 예산군의 대표적인 관광 도로 중 하나","국도40호선","일반국도","덕산면 사천리~덕산면 둔리","041-339-7632","충청남도 예산군청","2022-05-24","4610000",""
"3656","세심천 입구 벚꽃길","126.668178","36.703138","126.671362","36.690684","왕벚나무","190","1.6","1995","덕산성당에서 삽교 신리 방면으로 왕벚나무를 식재","수암산로","군도","덕산면 읍내리~덕산면 신평리","041-339-7632","충청남도 예산군청","2022-05-24","4610000",""
"3657","국도21호 은행나무길","126.845512","36.732566","126.813073","36.684843","은행나무","108","7.5","1983","예산읍과 오가면을 지나는 국도 제21호선을 지나는 길에 조성된 은행나무길","국도21호선","일반국도","예산읍 창소리~오가면 원평리","041-339-7632","충청남도 예산군청","2022-05-24","4610000",""
"3658","상하리 벚꽃길","126.693881","36.693613","126.674715","36.703757","왕벚나무","312","2.2","1984","내포문화권에 위치한 덕산과 삽교를 지나는 도로에 왕벚나무를 식재","군도12호선","군도","삽교읍 상하리~덕산면 읍내리","041-339-7632","충청남도 예산군청","2022-05-24","4610000",""
"3659","대덕로 은행나무길","129.863918","36.594285","126.883496","36.593836","은행나무","340","1.8","1984","신양면 대덕로에 은행나무를 식재","대덕로","지방도","신양면 대덕리","041-339-7632","충청남도 예산군청","2022-05-24","4610000",""
"3660","덕산 은행나무길","126.618055","36.652436","126.586515","36.618124","은행나무","452","5","1985","수덕사에서 홍성까지 이어지는 국도40호선에 조성된 은행나무길","국도40호선","일반국도","덕산면 사천리~덕산면 복당리","041-339-7632","충청남도 예산군청","2022-05-24","4610000",""
"3661","주교리 은행나무길","126.830563","36.688165","126.829251","36.682349","은행나무","113","0.8","1985","예산군 주교오거리~산성리 구간에 은행나무를 식재","주교로~예산로","기타도로","예산읍 주교리~예산읍 산성리","041-339-7632","충청남도 예산군청","2022-05-24","4610000",""
"3662","내포제1진입도로 명품가로숲길","126.736827","36.655573","126.772175","36.665839","황금사철나무","53948","3.3","2021","예산에서 내포신도시로 들어가는 주진입도로에 황금사철나무 식재","지방도602호선","지방도","응봉면 계정리~응봉면 송석리","041-339-7632","충청남도 예산군청","2022-05-24","4610000",""
"3663","내포제2진입도로","126.688764","36.672364","126.717647","36.687277","배롱나무","355","3.4","2019","삽교에서 내포신도시로 진입하는 도로에 배롱나무 식재","군도18호선","군도","삽교읍 이리~삽교읍 삽교리","041-339-7632","충청남도 예산군청","2022-05-24","4610000",""
"3664","내포제2진입도로","126.688764","36.672364","126.717647","36.687277","칠엽수","624","3.4","2019","삽교에서 내포신도시로 진입하는 도로에 칠엽수 식재","군도18호선","군도","삽교읍 이리~삽교읍 삽교리","041-339-7632","충청남도 예산군청","2022-05-24","4610000",""
"3665","충의사 황금사철나무길","126.651636","36.685827","126.654352","36.687858","황금사철나무","1810","0.3","2019","충의사 앞에 황금사철나무 식재","군도12호선","군도","덕산면 시량리","041-339-7632","충청남도 예산군청","2022-05-24","4610000",""
"3666","문화광장진입도로 황금개나리길","126.800074","36.640467","126.800323","36.638509","황금개나리","3100","0.2","2021","예당호 문화광장 진입로에 황금개나리 식재","군도6호선","군도","응봉면 후사리","041-339-7632","충청남도 예산군청","2022-05-24","4610000",""
"3667","대술 칠자화 가로수길","126.893213","36.656911","126.89323","36.664427","칠자화","103","0.8","2022","대술면행정복지센터에서 농리가는 도로에 칠자화 식재","지방도616호선","지방도","대술면 화천리~대술면 궐곡리","041-339-7632","충청남도 예산군청","2022-05-24","4610000",""
"3668","대흥 은행나무길","126.838524","36.638577","126.837235","36.637215","은행나무","317","2.3","1992","신양천 주변(예산휴게소 방면) 군도에 은행나무를 식재","군도1호선","군도","대흥면 대률리~대흥면 탄방리","041-339-7632","충청남도 예산군청","2022-05-24","4610000",""
"3669","삽교역 소나무길","126.750143","36.687226","126.750583","36.68938","소나무","132","1","2012","삽교역 주변의 도로에 소나무 가로수길 조성","삽교역로","기타도로","삽교읍 두리~삽교읍 신가리","041-339-7632","충청남도 예산군청","2022-05-24","4610000",""
"3670","관작리 벚꽃길","126.834735","36.708411","126.839498","36.708003","왕벚나무","74","0.4","2013","관작로사거리~벚꽃로 구간인 관작로에 왕벚나무를 식재, 조성","관작로","기타도로","예산읍 관작리","041-339-7632","충청남도 예산군청","2022-05-24","4610000",""
"3671","신가리 이팝나무길","126.741639","36.685919","126.740833","36.679141","이팝나무","85","0.8","2013","삽교 신가리 구간에 이팝나무를 식재","신가꽃산길","리도","삽교읍 신가리","041-339-7632","충청남도 예산군청","2022-05-24","4610000",""
"3672","출렁다리 진입로","126.808949","36.642647","126.799804","36.637748","이팝나무","37","0.7","2018","예당호 물넘이댐~출렁다리 진입구간까지 이팝나무 조성","군도3호선","군도","응봉면 후사리","041-339-7632","충청남도 예산군청","2022-05-24","4610000",""
"3673","군도17호 이팝나무길","126.651255","36.696921","126.649513","36.687292","이팝나무","159","1.1","2019","내포보부상박물관 뒷편에 가로수길 조성","군도17호선","군도","덕산면 시량리~덕산면 사동리","041-339-7632","충청남도 예산군청","2022-05-24","4610000",""
"3674","국도32호선 예산신암길","126.799","36.765948","126.811828","36.761744","이팝나무","867","6.2","2022","당진으로 가는 신암~예산","국도32호선","일반국도","신암면 신택리~예산읍 궁평리","041-339-7632","충청남도 예산군청","2022-05-24","4610000",""
"3675","손지리 벚꽃길","126.826783","36.678585","126.813063","36.643375","왕벚나무","353","3.9","1998","무한천을 지나는 예산읍-대흥면 도로에 왕벚나무를 식재","군도3호선","군도","예산읍 주교리~대흥면 손지리","041-339-7632","충청남도 예산군청","2022-05-24","4610000",""
"3676","벚꽃로 가로수길","126.859703","36.738098","126.836212","36.692741","왕벚나무","1253","5.8","1995","예산읍의 대표적인 가로수길로, 예산읍 시가지에 왕벚나무를 식재","벚꽃로","군도","예산읍 관양리~예산읍 주교리","041-339-7632","충청남도 예산군청","2022-05-24","4610000",""
"3677","온천단지 가로수길","126.656379","36.689567","126.657888","36.691054","느티나무","80","0.5","1996","덕산온천단지~충의사 지나가는 구간","덕산온천로","군도","덕산면 신평리","041-339-7632","충청남도 예산군청","2022-05-24","4610000",""
"3678","신양 은행나무길","126.873896","36.610196","126.871109","36.606043","은행나무","217","1.2","1991","신양면사무소을 지나는 도로에 은행나무를 식재","지방도645호선","지방도","신양면 신양리~신양면 대덕리","041-339-7632","충청남도 예산군청","2022-05-24","4610000",""
"3679","봉산 이팝나무길","126.68086","36.750625","126.667193","36.748684","이팝나무","233","1.4","2012","봉산면 시가지를 지나는 길에 이팝나무를 식재","지방도618호선","지방도","봉산면 고도리","041-339-7632","충청남도 예산군청","2022-05-24","4610000",""
"3680","출렁다리 이팝나무길","126.788458","36.632311","126.793406","36.632828","이팝나무","120","0.9","2004","평촌삼거리~예당호휴게소 사이 구간에 이팝나무를 식재","군도6호선","군도","응봉면 평촌리~응봉면 등촌리","041-339-7632","충청남도 예산군청","2022-05-24","4610000",""
"3681","신례원 시가지","126.845458","36.727479","126.843403","36.727976","이팝나무","64","0.9","2005","예산군 신례원역 주변~창소사거리 구간에 이팝나무를 식재","창말로","기타도로","예산읍 신례원리","041-339-7632","충청남도 예산군청","2022-05-24","4610000",""
"3682","봉산 벚꽃길","126.678718","36.720509","126.678808","36.719266","왕벚나무","259","3.2","2006","봉산면 시가지를 지나는 길에 왕벚나무를 식재","군도11호선","군도","봉산면 효교리~봉산면 고도리","041-339-7632","충청남도 예산군청","2022-05-24","4610000",""
"3683","금오대로 도로변","126.849824","36.685887","126.862707","36.678691","왕벚나무","136","1.6","2006","예산터널~윤봉길 체육관 구간에 왕벚나무를 식재, 해마다 열리는 윤봉길마라톤의 입구구간이기 때문에 마라톤길이라고 불린다.","금오대로","기타도로","예산읍 향천리(예산터널~종합운동장)","041-339-7632","충청남도 예산군청","2022-05-24","4610000",""
"3684","송석저수지 도로변","126.943207","36.687366","126.951616","36.700394","이팝나무","412","2.3","2009","낚시터로 유명한 송석저수지를 지나는 도로에 조성된 이팝나무길","지방도616호선","지방도","대술면 송석리(송석지주변)","041-339-7632","충청남도 예산군청","2022-05-24","4610000",""
"3685","고덕 이팝나무길","126.737579","36.739383","126.739228","36.73906","이팝나무","454","3","2010","고덕면 구만리~대천리 구간에 식재된 이팝나무길","지방도618호선","지방도","고덕면 구만리~고덕면 대천리","041-339-7632","충청남도 예산군청","2022-05-24","4610000",""
"3686","대술 이팝나무길","126.884243","36.652588","126.891012","36.654233","이팝나무","110","0.6","2010","대술면 시가지를 지나는 도로에 이팝나무를 식재","지방도616호선","지방도","대술면 산정리~대술면 화전리","041-339-7632","충청남도 예산군청","2022-05-24","4610000",""
"3687","국도 45호 예산오가","126.830977","36.704101","126.797741","36.696605","소나무","570","3.7","2011","예산읍과 오가면을 지나는 국도 45호선에 조성된 소나무길","국도45호선","일반국도","예산읍 석양리~오가면 원천리","041-339-7632","충청남도 예산군청","2022-05-24","4610000",""
"3688","국도 45호 오가삽교","126.795808","36.695615","126.674687","36.688133","중국단풍","1111","14.7","2011","오가면에서 삽교읍까지 이어진 단풍나무길","국도45호선","일반국도","오가면 원천리~삽교읍 송산리","041-339-7632","충청남도 예산군청","2022-05-24","4610000",""
"3689","도청대로 가로수길","126.764035","36.666524","126.765095","36.666482","스트로브잣나무","210","1.7","2011","응봉면에서 홍성군으로 이어지는 가로 중앙에 조성된 가로수길","지방도602호선","지방도","응봉면 송석리~응봉면 계정리","041-339-7632","충청남도 예산군청","2022-05-24","4610000",""
"3690","도청대로 가로수길","126.764035","36.666524","126.765095","36.666482","(둥근)주목","348","1.7","2011","응봉면에서 홍성군으로 이어지는 가로 중앙에 조성된 가로수길","지방도602호선","지방도","응봉면 송석리~응봉면 계정리","041-339-7632","충청남도 예산군청","2022-05-24","4610000",""
"3691","도청대로 가로수길","126.764035","36.666524","126.765095","36.666482","느티나무","429","1.7","2011","응봉면에서 홍성군으로 이어지는 가로 중앙에 조성된 가로수길","지방도602호선","지방도","응봉면 송석리~응봉면 계정리","041-339-7632","충청남도 예산군청","2022-05-24","4610000",""
"3692","국도32호선 예산신양길","126.866844","36.675667","126.887031","36.593988","왕벚나무","948","13.3","2014","윤봉길 체육관에서 신양면 대덕리까지 이어지는 국도32호선에 조성된 왕벚나무 길","국도32호선","일반국도","예산읍 향천리~신양면 대덕리","041-339-7632","충청남도 예산군청","2022-05-24","4610000",""
"3693","종합운동장 메타세콰이어길","126.862339","36.678415","126.861766","36.677255","메타세콰이아","33","0.1","2014","윤봉길체육관 입구에 일렬로 메타세콰이어를 식재한 구간","종합운동장 진입로","기타도로","예산읍 향천리","041-339-7632","충청남도 예산군청","2022-05-24","4610000",""
"3694","덕산 산딸나무길","126.642642","36.675384","126.646845","36.680648","산딸나무","100","0.7","2015","수덕사~충의사를 지나가는 구간에 산딸나무를 식재","국도40호선","일반국도","덕산면 둔리~덕산면 시량리","041-339-7632","충청남도 예산군청","2022-05-24","4610000",""
"3695","온천단지 이팝나무길","126.65673","36.689151","126.660373","36.686512","이팝나무","76","0.4","2015","덕산온천~충의사 사이에 이팝나무를 식재","덕산온천로","리도","덕산면 사동리~덕산면 시량리","041-339-7632","충청남도 예산군청","2022-05-24","4610000",""
"3696","덕숭산지구 산딸나무길","126.611164","36.646314","126.608634","36.644132","산딸나무","60","0.3","2016","수덕사~한국고건축박물관을 지나는 도로에 산딸나무를 식재","국도40호선","일반국도","덕산면 사천리~덕산면 외라리","041-339-7632","충청남도 예산군청","2022-05-24","4610000",""
"3697","국도45호 삽교덕산","126.673985","36.688072","126.607384","36.668473","중국단풍","537","9.1","2017","삽교읍에서 덕산면까지 이어지는 단풍나무길","국도45호선","일반국도","삽교읍 송산리~덕산면 광천리","041-339-7632","충청남도 예산군청","2022-05-24","4610000",""
"3698","신양 벚꽃길","126.888782","36.593595","126.910283","36.591545","왕벚나무","169","1.2","2018","신양면 대덕리~차동리까지 왕벚나무 식재","국도32호선","일반국도","신양면 대덕리~신양면 차동리","041-339-7632","충청남도 예산군청","2022-05-24","4610000",""
"3699","군청 메타세콰이어길","126.843481","36.679455","126.843623","36.681478","메타세콰이아","12","0.1","2018","신청사 도로변에 메타세콰이어 식재","군청로","기타도로","예산읍 향천리","041-339-7632","충청남도 예산군청","2022-05-24","4610000",""
"3700","봉산로길","126.681309","36.747004","126.680802","36.743515","스트로브잣나무,홍가시나무","159","0.7","2018","봉산면 공장주변 도로변에 미세먼지 저감 등의 목적으로 가로수길 조성","군도11호선","군도","봉산면 구암리~봉산면 대지리","041-339-7632","충청남도 예산군청","2022-05-24","4610000",""
"3701","봉산로길","126.681309","36.747004","126.680802","36.743515","홍가시나무","200","0.7","2018","봉산면 공장주변 도로변에 미세먼지 저감 등의 목적으로 가로수길 조성","군도11호선","군도","봉산면 구암리~봉산면 대지리","041-339-7632","충청남도 예산군청","2022-05-24","4610000",""
"3702","예산여중 주변길","126.829155","36.698728","126.837276","36.697771","소나무","122","0.7","2011","예산여자중학교 주변 구간에 소나무를 식재","발연로","기타도로","예산읍 발연리","041-339-7632","충청남도 예산군청","2022-05-24","4610000",""
"3703","덕산교차로 진입구간","126.672743","36.704112","126.668438","36.664142","은행나무","574","3.4","2012","덕산에서 충남도청 방면 도로에 조성된 은행나무 가로수길","지방도609호선","지방도","덕산면 읍내리~삽교읍 신리","041-339-7632","충청남도 예산군청","2022-05-24","4610000",""
"3704","봉산 사과나무길","126.657151","36.745035","126.647966","36.741314","사과나무","508","1.1","2012","봉산터널~봉산저수지로 이어지는 구간에 예산군의 상징인 사과나무를 식재","지방도618호선","지방도","봉산면 봉림리","041-339-7632","충청남도 예산군청","2022-05-24","4610000",""
"3705","상가리 벚꽃길","126.655","36.708223","126.65711","36.707601","왕벚나무","580","3.4","1998","가야산 입구로 향하는 덕산면 옥계리~상가리에 조성된 벚꽃길","군도10호선","군도","덕산면 옥계리~덕산면 상가리","041-339-7632","충청남도 예산군청","2022-05-24","4610000",""
"3706","추사고택 진입로","126.803351","36.742895","126.799245","36.748925","단풍나무","320","0.8","1999","예산군의 대표적인 관광지인 추사고택을 지나는 도로에 단풍나무를 식재","군도7호선","군도","신암면 용궁리(추사고택주변)","041-339-7632","충청남도 예산군청","2022-05-24","4610000",""
"3707","나박소 벚꽃길","126.607484","36.665855","126.608283","36.644313","왕벚나무","375","2.4","2000","과거 나박소로 불렸던 외라리 주변의 도로에 왕벚나무를 식재","군도13호선","군도","덕산면 광천리~덕산면 낙상리","041-339-7632","충청남도 예산군청","2022-05-24","4610000",""
"3708","광시 이팝나무길","126.794709","36.586744","126.821948","36.602565","이팝나무","203","3.8","2003","광시면 동산리~월송리 방면에 조성된 이팝나무길","지방도616호선","지방도","광시면 동산리~광시면 월송리","041-339-7632","충청남도 예산군청","2022-05-24","4610000",""
"3709","신암 은행나무길","126.801361","36.717014","126.804721","36.716443","은행나무","193","1.6","2003","오가면과 신암면을 지나는 지방도618호선에 조성된 은행나무길","지방도618호선","지방도","오가면 오촌리~신암면 탄중리","041-339-7632","충청남도 예산군청","2022-05-24","4610000",""
"3710","쌍송배기 단풍나무길","126.852549","36.680695","126.860772","36.679528","단풍나무","112","0.8","2003","윤봉길 체육관 주변 도로에 단풍나무를 식재","예산로","기타도로","예산읍 향천리","041-339-7632","충청남도 예산군청","2022-05-24","4610000",""
"3711","온천단지 이팝나무길","126.670188","36.704195","126.672123","36.704358","이팝나무","208","1.8","2003","덕산 중심시가지~덕산온천 사이에 이팝나무를 식재","덕산온천로","군도","덕산면 읍내리~덕산면 사동리","041-339-7632","충청남도 예산군청","2022-05-24","4610000",""
"3712","산업대 은행나무길","126.851468","36.674923","126.862646","36.678436","은행나무","279","1","2003","공주대 예산캠퍼스 주변 도로에 은행나무를 식재","대학로","기타도로","예산읍 대회리~예산읍 향천리","041-339-7632","충청남도 예산군청","2022-05-24","4610000",""
"3713","예산초 단풍나무길","126.849058","36.683966","126.836283","36.686513","단풍나무","99","1.5","2003","예산초등학교 주변 구간에 단풍나무를 식재","아리랑로","기타도로","예산읍 예산리~예산읍 주교리","041-339-7632","충청남도 예산군청","2022-05-24","4610000",""
"3714","느린호수길 이팝나무길","126.794324","36.584454","126.794394","36.582697","이팝나무","438","6.1","2004","예산군의 대표적인 관광지인 예당저수지를 지나는 도로에 이팝나무를 식재","지방도619호선","지방도","광시면 동산리~응봉면 평촌리","041-339-7632","충청남도 예산군청","2022-05-24","4610000",""
"3715","예당호 대흥광시구간","126.825163","36.619368","126.828494","36.619751","이팝나무","195","0.2","2004","대흥면 탄방리 일대 도로에 이팝나무를 식재","군도3호선","군도","대흥면 하탄방리~대흥면 탄방리","041-339-7632","충청남도 예산군청","2022-05-24","4610000",""
"3716","하대삼거리~신원사","127.158357","36.362255","127.180981","36.333221","벚나무+단풍나무","392","4","","벚나무, 단풍나무로 꾸민 가로수길","보목고개로","지방도","하대삼거리~신원사","041-840-8559","공주시(산림공원과)","2022-11-16","4500000",""
"3717","갑사삼거리~계룡초교","127.171363","36.373315","127.142031","36.357681","단풍+은행+버짐+삼각단풍","938","4.3","","단풍,은행,버짐,삼각단풍로 꾸민 가로수길","갑사로","지방도","갑사삼거리~계룡초교","041-840-8559","공주시(산림공원과)","2022-11-16","4500000",""
"3718","옥룡동사무소~마암청벽","127.138116","36.458372","127.210021","36.434431","은행+벚+전+배롱","1179","7","","은행,벚,전,배롱로 꾸민 가로수길","창벽로","시도","옥룡동사무소~마암청벽","041-840-8559","공주시(산림공원과)","2022-11-16","4500000",""
"3719","동학사삼거리~계룡시 경계","127.251139","36.360962","127.248551","36.337331","버즘나무+이팝","328","3","","버즘나무, 이팝로 꾸민 가로수길","계룡대로","시도","동학사삼거리~계룡시 경계","041-840-8559","공주시(산림공원과)","2022-11-16","4500000",""
"3720","마곡사로(호계초등학교~마곡사)","127.024114","36.505175","127.021121","36.557221","벚나무+느티나무+무궁화","288","6.8","","벚나무,느티나무,무궁화로 꾸민 가로수길","마곡사로","시도","마곡사로(호계초등학교~마곡사)","041-840-8559","공주시(산림공원과)","2022-11-16","4500000",""
"3721","소학동 혈저천 주변","127.150223","36.452394","127.152021","36.447261","메타세콰이어","202","0.9","","메타세콰이어로 꾸민 가로수길","","일반국도","소학동 혈저천 주변","041-840-8559","공주시(산림공원과)","2022-11-16","4500000",""
"3722","방흥교차로~묵방교차로","127.032146","36.450714","127.047561","36.461841","이팝나무","228","1","","이팝나무로 꾸민 가로수길","공수원로","일반국도","방흥교차로~묵방교차로","041-840-8559","공주시(산림공원과)","2022-11-16","4500000",""
"3723","월송지구","127.149159","36.472755","127.155121","36.479051","이팝나무+느티나무","656","2.1","","이팝나무,느티나무로 꾸민 가로수길","무령로","시도","월송지구","041-840-8559","공주시(산림공원과)","2022-11-16","4500000",""
"3724","연문광장~박물관앞","127.121313","36.464243","127.109811","36.466621","소나무","323","2","","소나무로 꾸민 가로수길","왕릉로","일반국도","연문광장~박물관앞","041-840-8559","공주시(산림공원과)","2022-11-16","4500000",""
"3725","경일아파트~벧엘영생원","127.101724","36.455165","127.101771","36.451211","단풍","113","0.7","","단풍로 꾸민 가로수길","왕릉로","일반국도","경일아파트~벧엘영생원","041-840-8559","공주시(산림공원과)","2022-11-16","4500000",""
"3726","세무서~경일아파트","127.121136","36.456542","127.107241","36.455161","은행+벚","307","1.7","","은행, 벚로 꾸민 가로수길","왕릉로","일반국도","세무서~경일아파트","041-840-8559","공주시(산림공원과)","2022-11-16","4500000",""
"3727","공주대교~세무서","127.138205","36.458963","127.121361","36.456541","은행+모과","217","2","","은행, 모과로 꾸민 가로수길","무령로","시도","공주대교~세무서","041-840-8559","공주시(산림공원과)","2022-11-16","4500000",""
"3728","금학동 도시계획도로(수원지)","127.119167","36.437392","127.123371","36.432421","벚나무+주목","150","0.8","","벚나무,선주목로 꾸민 가로수길","수원지공원길","시도","금학동 도시계획도로(수원지)","041-840-8559","공주시(산림공원과)","2022-11-16","4500000",""
"3729","마티고개","127.218368","36.423475","127.242911","36.401661","벚나무+편백","377","5.1","","벚나무, 편백로 꾸민 가로수길","마티고개로","시도","마티고개","041-840-8559","공주시(산림공원과)","2022-11-16","4500000",""
"3730","강북교차로~대전시경계","127.140122","36.463475","127.271851","36.361671","벚나무","1517","18.2","","벚나무로 꾸민 가로수길","금벽로","일반국도","강북교차로~대전시경계","041-840-8559","공주시(산림공원과)","2022-11-16","4500000",""
"3731","신관우체국~신흥목욕탕","127.132729","36.472291","127.135511","36.471031","은행+목백합","53","0.8","","은행, 목백합로 꾸민 가로수길","관골1길","시도","신관우체국~신흥목욕탕","041-840-8559","공주시(산림공원과)","2022-11-16","4500000",""
"3732","전막~강북교차로","127.127167","36.470443","127.140221","36.463471","은행나무","274","1.3","","은행나무로 꾸민 가로수길","금벽로","일반국도","전막~강북교차로","041-840-8559","공주시(산림공원과)","2022-11-16","4500000",""
"3733","보건소앞~청룡리","127.131008","36.475014","127.147891","36.498561","벚나무+이팝나무+은행나무","383","3.8","","벚나무,이팝나무,은행나무로 꾸민 가로수길","의당로","지방도","보건소앞~청룡리","041-840-8559","공주시(산림공원과)","2022-11-16","4500000",""
"3734","정안면~유구읍 지방도","127.121272","36.611944","126.956631","36.550681","벚나무+은행나무+느티나무","1268","29.2","","벚나무, 은행나무, 느티나무로 꾸민 가로수길","정안마곡사로","지방도","정안면~유구읍 지방도","041-840-8559","공주시(산림공원과)","2022-11-16","4500000",""
"3735","석남리~문금리 국도","126.947014","36.557435","126.982451","36.651911","은행나무","483","9.7","","은행나무로 꾸민 가로수길","금계산로","일반국도","석남리~문금리 국도","041-840-8559","공주시(산림공원과)","2022-11-16","4500000",""
"3736","유구읍 석남리","126.943937","36.545085","127.952531","36.555711","이팝나무+은행나무","293","3.5","","이팝나무, 은행나무로 꾸민 가로수길","중앙2길","시도","유구읍 석남리","041-840-8559","공주시(산림공원과)","2022-11-16","4500000",""
"3737","호계리~마곡사","127.023337","36.503453","127.026081","36.556011","벚나무+느티나무","380","7.2","","벚나무, 느티나무로 꾸민 가로수길","마곡사로","지방도","호계리~마곡사","041-840-8559","공주시(산림공원과)","2022-11-16","4500000",""
"3738","동대리~사곡면 호계리","127.051158","36.469965","127.024661","36.503271","은행나무","167","5.9","","은행나무로 꾸민 가로수길","차동로","일반국도","동대리~사곡면 호계리","041-840-8559","공주시(산림공원과)","2022-11-16","4500000",""
"3739","신원사~화헌리","127.180938","36.333223","127.133541","36.327011","벚나무+단풍나무+산수유","717","7.2","","벚나무, 단풍나무, 산수유로 꾸민 가로수길","신원사로","시도","신원사~화헌리","041-840-8559","공주시(산림공원과)","2022-11-16","4500000",""
"3740","검한길","127.489122","36.215951","127.487761","36.218492","이팝나무","61","0.2","2021","검한길","검한길","군도","하늘물빛정원가는길","041-750-3413","충청남도 금산군청","2022-11-29","4550000",""
"3741","용천로(1)","127.492706","36.126103","127.410676","36.175007","소나무+벚나무","1013","10.8","2005","용천로(1)","용천로(1)","군도","위성교 앞~목소리교회 앞 3거리","041-750-3413","충청남도 금산군청","2022-11-29","4550000",""
"3742","용천로(2)","127.438315","36.166949","127.440653","36.169981","이팝나무","68","0.4","2021","용천로(2)","용천로(2)","군도","위생매립장가는길","041-750-3413","충청남도 금산군청","2022-11-29","4550000",""
"3743","휴양림로","127.392247","36.144477","127.455653","36.029587","이팝나무+산딸나무+자귀나무+벚나무+은행나무","1872","22.34","2003","휴양림로","휴양림로","지방도","부암3거리~휴양림 입구","041-750-3413","충청남도 금산군청","2022-11-29","4550000",""
"3744","화엄로","127.453405","36.129914","127.409984","36.147894","벚나무","464","6.5","1997","화엄로","화엄로","군도+면도","금성 화림리~진산 엄정리","041-750-3413","충청남도 금산군청","2022-11-29","4550000",""
"3745","금산천길","127.512602","36.100039","127.499659","36.101732","벚나무","286","3.3","1997","금산천길","금산천길","군도","호텔앞~환경사업소 다리","041-750-3413","충청남도 금산군청","2022-11-29","4550000",""
"3746","금산천1길","127.481422","36.102226","127.514615","36.09841","벚나무","130","3.31","1997","금산천길","금산천1길","군도","산업고 다리~중앙초 후문 다리","041-750-3413","충청남도 금산군청","2022-11-29","4550000",""
"3747","비호로","127.482807","36.10792","127.499267","36.104398","플라타너스+목백합+은행나무","129","1.56","2003","비호로","비호로","군도","서울한우촌~동초등학교 뒤","041-750-3413","충청남도 금산군청","2022-11-29","4550000",""
"3748","삼풍로","127.480598","36.099922","127.504199","36.09287","은행나무","144","2.7","2005","삼풍로","삼풍로","군도","남산주유소~소방서 앞","041-750-3413","충청남도 금산군청","2022-11-29","4550000",""
"3749","인삼로","127.482409","36.104288","127.528708","36.105181","은행나무+이팝나무+목백합+칠엽수","651","5","2002","인삼로","인삼로","군도","용머리 광장~금산IC입구","041-750-3413","충청남도 금산군청","2022-11-29","4550000",""
"3750","사직로","127.480698","36.100129","127.482316","36.111956","은행나무+벚나무","213","1.77","2012","사직로","사직로","군도","소방서 앞~주공 입구","041-750-3413","충청남도 금산군청","2022-11-29","4550000",""
"3751","비단로","127.487013","36.099123","127.487584","36.099149","은행나무+느티나무+이팝나무+벚나무","534","4.76","2012","비단로","비단로","군도","제일장로 사거리(외곽도로)~소방서~주공2차~한울빌라~새금산병원~금산시네마","041-750-3413","충청남도 금산군청","2022-11-29","4550000",""
"3752","사직중앙로","127.477713","36.108829","127.482632","36.108056","은행나무","92","0.459","2012","사직중앙로","사직중앙로","군도","편의점~훈련장 입구","041-750-3413","충청남도 금산군청","2022-11-29","4550000",""
"3753","인삼약초로","127.499491","36.101014","127.496612","36.100432","대왕참나무","13","0.4","2020","인삼약초로","인삼약초로","군도","백양약초~원조삼계탕","041-750-3413","충청남도 금산군청","2022-11-29","4550000",""
"3754","남사직로","127.480407","36.108346","127.478152","36.106126","은행나무","18","0.541","2012","남사직로","남사직로","군도","아인택지지구","041-750-3413","충청남도 금산군청","2022-11-29","4550000",""
"3755","북사직로","127.480988","36.111396","127.480377","36.108547","은행나무","91","0.349","2012","북사직로","북사직로","군도","아인택지지구","041-750-3413","충청남도 금산군청","2022-11-29","4550000",""
"3756","남사직4길","127.477862","36.107042","127.482296","36.106468","은행나무","30","0.4","2012","남사직4길","남사직4길","군도","아인택지지구","041-750-3413","충청남도 금산군청","2022-11-29","4550000",""
"3757","대홍로","127.508668","36.022091","127.532361","35.992324","홍도화나무","1396","4.3","2000","대홍로","대홍로","지방도","신정삼거리~부남경계","041-750-3413","충청남도 금산군청","2022-11-29","4550000",""
"3758","덕천로","127.509842","36.048973","127.511775","36.020964","이팝나무+자귀나무+홍도화나무","96","3.39","2019","덕천로","덕천로","군도","홍도리 입구~갈운이길 삼거리","041-750-3413","충청남도 금산군청","2022-11-29","4550000",""
"3759","돌고개로","127.460026","36.140175","127.462165","36.148266","벚나무","122","1.05","1997","돌고개로","돌고개로","군도","대암리~마수리","041-750-3413","충청남도 금산군청","2022-11-29","4550000",""
"3760","대둔산로(1)","127.377","36.269081","127.345267","36.126358","중국단풍+홍단풍+소나무","673","16","1999","대둔산로","대둔산로(1)","지방도","지량리4차선~진산자연휴양림","041-750-3413","충청남도 금산군청","2022-11-29","4550000",""
"3761","대둔산로(2)","127.363011","36.140581","127.365232","36.140468","이팝나무","41","0.5","2021","대둔산로(2)","대둔산로(2)","지방도","진산애행복누리센터앞","041-750-3413","충청남도 금산군청","2022-11-29","4550000",""
"3762","도곡로","127.453393","36.130076","127.45493","36.099963","이팝나무","66","0.4","2018","도곡로","도곡로","군도","금산읍 아인리~금성면 상가리","041-750-3413","충청남도 금산군청","2022-11-29","4550000",""
"3763","무금로","127.500019","36.102363","127.502939","36.098285","이팝나무+중국단풍+소나무+벚나무+복자기","488","14","2003","무금로","무금로","일반국도","중도5거리~엑스포3거리,불이리","041-750-3413","충청남도 금산군청","2022-11-29","4550000",""
"3764","보석사로","127.491784","36.052475","127.436785","36.009148","벚나무","638","8.6","1997","보석사로","보석사로","군도","보석사3거리~성산3거리","041-750-3413","충청남도 금산군청","2022-11-29","4550000",""
"3765","봉황로","127.505693","36.082096","127.49859","36.038603","베롱나무+박태기나무","182","5.5","2005","봉황로","봉황로","군도","남일면사무소~효사랑병원(황풍삼거리)","041-750-3413","충청남도 금산군청","2022-11-29","4550000",""
"3766","배내미로","127.39735","36.159685","127.408801","36.148749","벚나무","80","2.1","1997","배내미로","배내미로","지방도","곡남3거리~부암3거리","041-750-3413","충청남도 금산군청","2022-11-29","4550000",""
"3767","산꽃로","127.526271","36.168827","127.567082","36.223066","벚나무+은행나무","1877","8.9","1996","산꽃로","산꽃로","군도","군북면사무소~상곡","041-750-3413","충청남도 금산군청","2022-11-29","4550000",""
"3768","서대산로","127.471339","36.18796","127.504713","36.232777","은행나무+벚나무+소나무","314","7.08","1996","서대산로","서대산로","군도","추부~신평3거리","041-750-3413","충청남도 금산군청","2022-11-29","4550000",""
"3769","수목로","127.426672","36.188474","127.426222","36.194234","복숭아나무","77","0.57","2021","수목로","수목로","군도","아랫도장골~만인원두막캠핑","041-750-3413","충청남도 금산군청","2022-11-29","4550000",""
"3770","신동길","127.510133","36.00675","127.489523","36.010265","느티나무+편백나무","211","3.42","1995","신동길","신동길","군도","신동교~심천방면","041-750-3413","충청남도 금산군청","2022-11-29","4550000",""
"3771","신안사로","127.542516","36.12252","127.581461","36.170294","이팝나무","1223","9.4","2002","신안사로","신안사로","군도","제원 구억리~제원 신안리","041-750-3413","충청남도 금산군청","2022-11-29","4550000",""
"3772","십이폭포로","127.501399","36.030558","127.457308","36.020813","벚나무","754","4.8","2017","십이폭포로","십이폭포로","지방도","흑암3거리~용수목삼거리(남일면 신천리)","041-750-3413","충청남도 금산군청","2022-11-29","4550000",""
"3773","실학로","127.378051","36.20772","127.365345","36.200216","은행나무","48","1.6","","실학로","실학로","군도","구례교차로~두지삼거리","041-750-3413","충청남도 금산군청","2022-11-29","4550000",""
"3774","자진뱅이길","127.573993","36.19028","127.579598","36.181529","벚나무","105","1.6","2021","자진뱅이길","자진뱅이길","군도","군북산벚꽃축제장가는길","041-750-3413","충청남도 금산군청","2022-11-29","4550000",""
"3775","적벽강로","127.556091","36.064283","127.600622","36.047192","벚나무+베롱나무+맹가지배롱","676","7.7","2017","적벽강로","적벽강로","군도","부리중앞~적벽교","041-750-3413","충청남도 금산군청","2022-11-29","4550000",""
"3776","진악로","127.477002","36.103206","127.435528","36.045567","벚나무","1133","9.7","1997","진악로","진악로","군도","남이면사무소~진악산 광장","041-750-3413","충청남도 금산군청","2022-11-29","4550000",""
"3777","진산로","127.482259","36.11198","127.377207","36.148164","은행나무+벚나무","1278","11.3","1999","진산로","진산로","지방도","이슬공원~방축3거리","041-750-3413","충청남도 금산군청","2022-11-29","4550000",""
"3778","창평로","127.556395","36.064258","127.508251","36.082302","이팝나무+노각나무","1014","7.8","2003","창평로","창평로","군도","부리중 앞~황풍다리","041-750-3413","충청남도 금산군청","2022-11-29","4550000",""
"3779","청림동로","127.335767","36.1593","127.32518","36.133703","벚나무","120","4","1997","청림동로","청림동로","군도","태고사 입구~태고사 주차장","041-750-3413","충청남도 금산군청","2022-11-29","4550000",""
"3780","초미동길","127.430058","36.146181","127.442843","36.156018","소나무","20","2","2005","초미동길","초미동길","군도","만악2리","041-750-3413","충청남도 금산군청","2022-11-29","4550000",""
"3781","추풍로","127.473202","36.177105","127.506054","36.225247","소나무","12","0.3","2005","추풍로","추풍로","군도","추부면 신평리(추부농공단지 앞)","041-750-3413","충청남도 금산군청","2022-11-29","4550000",""
"3782","느티골길","127.368983","36.081692","127.372831","36.062578","느티나무","481","4","1995","느티골길","느티골길","군도","휴양림 입구~휴양림","041-750-3413","충청남도 금산군청","2022-11-29","4550000",""
"3783","외곽순환도로","127.493207","36.114606","127.485234","36.117088","소나무","159","0.89","2017","외곽순환도로","외곽순환도로","군도","양전리","041-750-3413","충청남도 금산군청","2022-11-29","4550000",""
"3784","일흔이재로","127.498535","36.12905","127.510686","36.14281","벚나무","706","4.17","2019","일흔이재로","일흔이재로","군도","내부리~천을리","041-750-3413","충청남도 금산군청","2022-11-29","4550000",""
"3785","태고사로","127.363352","36.140174","127.318868","36.161931","벚나무","69","1.7","1997","태고사로","태고사로","지방도","태고사 입구~논산경계","041-750-3413","충청남도 금산군청","2022-11-29","4550000",""
"3786","복수로","127.378362","36.207371","127.398084","36.162711","소나무+은행나무+중국단풍+이팝나무+배롱나무+벚나무","685","15","1995","복수로","복수로","지방도","지량리~복수3거리~교촌리(대둔산산채보리밥)","041-750-3413","충청남도 금산군청","2022-11-29","4550000",""
"3787","금강로","127.500399","36.10239","127.50642","36.115057","메타세쿼이아+벚나무+이팝나무","395","5.5","2017","금강로","금강로","지방도","중도5거리~명암리~원골","041-750-3413","충청남도 금산군청","2022-11-29","4550000",""
"3788","금산로","127.486664","36.223223","127.513876","35.983625","이팝나무+플라타너스+소나무+벚나무+목백합","2707","26","2000","금산로","금산로","일반국도","추부터널~남일 신정리","041-750-3413","충청남도 금산군청","2022-11-29","4550000",""
"3789","군북로","127.549298","36.111886","127.504793","36.227585","벚나무","1609","14","2000","군북로","군북로","지방도","제원농협~신평3거리","041-750-3413","충청남도 금산군청","2022-11-29","4550000",""
"3790","다복로","127.454659","36.186886","127.402919","36.161653","중국단풍","139","6","","다복로","다복로","일반국도","마전네거리~복수삼거리","041-750-3413","충청남도 금산군청","2022-11-29","4550000",""
"3791","주공로 2","126.6032175","36.34411455","126.6076398","36.34013874","은행나무","","1500","","도로 좌우측에 은행나무가 있음","","","주공로25~주공로85","","","2022-11-30","4510000",""
"3792","중앙로","126.5839634","36.35077742","126.5836135","36.35235578","이팝나무","","450","","도로 좌측에 이팝나무가 있음","","","중앙로","","","2022-11-30","4510000",""
"3793","질재로 1","126.5835777","36.41481797","126.587047","36.4140543","은행나무","","5500","","도로 좌우측에 은행나무가 있음","","","주포사거리~질재로","","","2022-11-30","4510000",""
"3794","질재로 2","126.5883718","36.41467357","126.5946371","36.40925431","홍도화","","5500","","도로 좌우측에 배롱나무+홍도화가 있음","","","질재로","","","2022-11-30","4510000",""
"3795","질재로 3","126.5946371","36.40925431","126.5980314","36.40615901","벚나무","","5500","","도로 좌우측에 벚나무가 있음","","","질재로","","","2022-11-30","4510000",""
"3796","질재로 4","126.5980314","36.40615901","126.609292","36.40613539","이팝나무","","5500","","도로 좌우측에 이팝나무가 있음","","","질재로","","","2022-11-30","4510000",""
"3797","천변북길","126.5946208","36.34607243","126.5906031","36.34530069","벚나무","","1800","","도로 좌측에 벚나무가 있음","","","천변북길 37~남대천교","","","2022-11-30","4510000",""
"3798","청성로","126.6431272","36.37911754","126.6588715","36.34814134","단풍나무","","4400","","도로 좌우측에 단풍나무가 있음","","","청성로","","","2022-11-30","4510000",""
"3799","충서로 2(국도21호선)","126.631066","36.20272192","126.6287701","36.20516012","이팝나무","","42200","","도로에 이팝나무가 있음","","","충서로","","","2022-11-30","4510000",""
"3800","터미널길 2","126.5890161","36.34167249","126.5881056","36.34464888","중국단풍","","350","","도로 좌우측에 중국단풍이 이음","","","터미널길","","","2022-11-30","4510000",""
"3801","해수욕장10길","126.5084504","36.32184168","126.5069174","36.32091901","이팝나무","","1000","","도로 좌우측에 이팝나무가 있음","","","해수욕장10길","","","2022-11-30","4510000",""
"3802","해수욕장12길","126.5092299","36.31841569","126.5106607","36.31941952","이팝나무+메타세쿼이아","","230","","도로 좌측에 이팝나무+우측에 이팝나무+메타세쿼이아가 있음","","","해수욕장12길","","","2022-11-30","4510000",""
"3803","월전로 3","126.5824428","36.29239407","126.5752824","36.28822772","배롱나무","","7500","","도로 좌우측에 배롱나무가 있음","","","월전로","","","2022-11-30","4510000",""
"3804","작은오랏3길","126.6044444","36.34540883","126.6032175","36.34411455","감나무+은행나무","","500","","도로 좌측에 감나무+우측에 은행나무가 있음","","","작은오랏3길~주공로25","","","2022-11-30","4510000",""
"3805","주공로 1","126.6020127","36.34544185","126.6032175","36.34411455","감나무","","1500","","도로 좌우측에 감나무가 있음","","","대청로~주공로25","","","2022-11-30","4510000",""
"3806","21호선 구도로","126.6454763","36.38101595","126.6502289","36.38568816","은행나무","","670","","도로 좌측에 은행나무가 있음","","","대청로","","","2022-11-30","4510000",""
"3807","고잠2길 1","126.5153788","36.31621336","126.5156218","36.31226798","소나무+메타세쿼이아","","1200","","도로 좌측에 소나무+메타쉐쿼이아+도로 우측에 소나무가 있음","","","고잠2길","","","2022-11-30","4510000",""
"3808","고잠2길 2","126.5156218","36.31226798","126.5125559","36.31598819","이팝나무","","1200","","도로 좌우측에 이팝나무가 있음","","","고잠2길","","","2022-11-30","4510000",""
"3809","공영주차장 둘레","126.517255","36.31564054","126.5188869","36.31188764","이팝나무+메타세쿼이아","","520","","도로 좌우측에 이팝나무+메타쉐쿼이아가 있음","","","공영주차장","","","2022-11-30","4510000",""
"3810","남포방조제로 1(지방도607호)","126.5264237","36.31052837","126.5296362","36.30072244","벚나무","","8300","","도로 좌우측에 벚나무가 있음","","","대해로~남포방조제로","","","2022-11-30","4510000",""
"3811","달푸미길","126.5115662","36.31951063","126.512806","36.32028611","이팝나무","","260","","도로 우측에 이팝나무가 있음","","","대천항로~달푸미길","","","2022-11-30","4510000",""
"3812","대창증산로 2","126.5902494","36.19423483","126.5951078","36.18093347","배롱나무","","6100","","도로 좌우측에 배롱나무가 있음","","","대창증산로","","","2022-11-30","4510000",""
"3813","대천항로 1(시도36호선)","126.5092328","36.32730372","126.5089733","36.322724","느티나무+중국단풍","","3800","","도로 좌우측에 느티나무+중국단풍이 있음","","","대천항중앙길~대천항로","","","2022-11-30","4510000",""
"3814","대해로 3","126.5881188","36.34112327","126.5875872","36.34484303","메타세쿼이아+벚나무","","500","","도로 우측에 메타쉐워이아+벚나무가 있음","","","대해로","","","2022-11-30","4510000",""
"3815","대해로 4","126.5858346","36.34212497","126.5866953","36.34054314","소나무","","190","","도로 좌측에 소나무가 있음","","","대해로","","","2022-11-30","4510000",""
"3816","도흥길 2","126.6997508","36.24674547","126.695223","36.23796245","배롱나무","","4800","","도로 좌우측에 배롱나무가 있음","","","도흥길","","","2022-11-30","4510000",""
"3817","동대로","126.6138111","36.35722727","126.6175692","36.34677572","이팝나무","","1400","","도로 좌우측에 이팝나무가 있음","","","동대로","","","2022-11-30","4510000",""
"3818","만수로 1(지방도606호선)","126.5965922","36.24477124","126.6108966","36.25832258","벚나무+느티나무","","9600","","도로 좌측에 벚나무+우측에 벚나무와 느티나무가 있음","","","만수로","","","2022-11-30","4510000",""
"3819","만수로 4","126.6373409","36.29179719","126.6350188","36.29399178","느티나무","","1300","","도로 좌우측에 느티나무가 있음","","","만수로","","","2022-11-30","4510000",""
"3820","머드로 2","126.5108563","36.31554012","126.5069174","36.32091901","이팝나무","","2000","","도로 좌우측에 이팝나무가 있음","","","머드로","","","2022-11-30","4510000",""
"3821","명암1길","126.6148412","36.34415195","126.6169648","36.34637377","이팝나무","","500","","도로 좌우측에 이팝나무가 있음","","","명암1길","","","2022-11-30","4510000",""
"3822","번영로","126.5930245","36.35180649","126.5942138","36.35337416","감나무","","400","","도로 좌우측에 감나무가 있음","","","번영로~보령북로","","","2022-11-30","4510000",""
"3823","성주산로 3(국도40호선)","126.632051","36.33689533","126.6379344","36.33511576","벚나무","","1700","","도로 좌우측에 벚나무가 있음","","","성주산로","","","2022-11-30","4510000",""
"3824","신구유곡로","126.5951078","36.18093347","126.6116997","36.17336893","배롱나무","","6100","","도로 좌우측에 배롱나무가 있음","","","신구유곡로","","","2022-11-30","4510000",""
"3825","옥마로","126.6263824","36.33736272","126.6231634","36.33395112","벚나무","","4400","","도로 우측에 벚나무가 있음","","","옥마로","","","2022-11-30","4510000",""
"3826","옥마벚길","126.6239321","36.32965238","126.632051","36.33689533","벚나무+단풍나무","","3100","","도로 좌우측에 벚나무+단풍나무가 있음","","","옥마벚길","","","2022-11-30","4510000",""
"3827","월전로 1","126.6048936","36.30525505","126.5963004","36.30239251","벚나무","","7500","","도로 좌우측에 벚나무가 있음","","","월전로","","","2022-11-30","4510000",""
"3828","월전로 2","126.5953546","36.30008871","126.5848699","36.29410161","배롱나무","","7500","","도로 좌우측에 배롱나무가 있음","","","월전로","","","2022-11-30","4510000",""
"3829","해안도로","126.6574676","36.0914667","126.6503385","36.0931098","배롱나무","140","1.1","2012","서천읍에서 서해 바다로 진입하는 도로로써 쾌적한 가로 경관 조성","군도5호","군도","종천면 장구리~종천면 장구리","041-950-4441","공공시설사업소","2021-07-01","4580000",""
"3830","장항산단진입도로","126.6899177","36.0389901","126.7089639","36.0384745","산딸나무","590","2","2013","장항역과 장항산림욕장 사이의 도로로써 아름다운 가로 경관 조성","군도18호","군도","마서면 덕암리~마서면 옥북리","041-950-4441","공공시설사업소","2021-07-01","4580000",""
"3831","춘장대 개촉도로","126.5538556","36.1549152","126.5261507","36.1622757","배롱나무 341주, 피라칸사스 16,300주","16641","2.5","2014","춘장대 해수욕장으로 가는 도로로 특색있는 가로 경관 조성","군도2호","군도","서면 신합리~서면 도둔리","041-950-4441","공공시설사업소","2021-07-01","4580000",""
"3832","신성리 갈대받 진입도로","126.826366","36.0784199","126.8619347","36.0682385","반송 312주, 화살나무 13,512주","13824","2","2015","신성리갈대밭에 진입하는 도로로 녹색가로 경관 조성","지방도613호","지방도","한산면 동산리~한산면 신성리","041-950-4441","공공시설사업소","2021-07-01","4580000",""
"3833","판교 흥림저수지 진입도로","126.6919797","36.1670669","126.6914136","36.155011","왕벚나무","130","1.3","2017","산벚꽃축제가 열리는 판교의 지역적 특색과 조화로운 가로 경관 조성","군도27호","군도","판교면 판교리~판교면 현암리","041-950-4441","공공시설사업소","2021-07-01","4580000",""
"3834","종천농공단지 진입도로","126.702963","36.110298","126.7005677","36.1093338","이팝나무","210","1.6","2018","종천농공단지에 진입하는 도로로써 쾌적한 가로경관 조성","군도4호","군도","서천읍 화성리","041-950-4441","공공시설사업소","2021-07-01","4580000",""
"3835","산단가는도로","126.691695","36.058966","126.691741","36.056398","이팝나무","200","0.8","2019","국가생태산업단지를 집입하는 도로 경관 조성","지방도611호","지방도","마서면 계동리 ~ 옥북리","041-950-4441","공공시설사업소","2021-07-01","4580000",""
"3836","신송로","126.662312","36.080957","126.659442","36.086194","배롱나무","138","0.7","2019","서해안 해안변을 지나는 배롱나무 길 조성","국도5호","군도","서천읍 신송리","041-950-4441","공공시설사업소","2021-07-01","4580000",""
"3837","산업단지 진입도로","126.691757","36.038639","126.682735","36.040075","왕벚나무","275","2","2020","산업단지 진입도로 경관 조성","장항생태산업단지진입도로","장항생태산업단지진입도로","서천읍 군사리 ~ 마서면 남전리","041-950-4441","공공시설사업소","2021-07-01","4580000",""
"3838","송림욕장 진입도로","126.666232","36.027577","126.667732","36.024883","메타세쿼이아","176","0.9","2021","송림욕장 진입도로 경관 조성","국지도68호","국지도","장항읍 장암리","041-950-4441","공공시설사업소","2021-07-01","4580000",""
"3839","치유의숲 진입도로","126.657238","36.112086","126.659967","36.114857","칠자화","117","0.4","2021","치유의숲 진입도로 경관 조성","농어촌도로 201호선","농어촌도로","종천면 종천리","041-950-4441","공공시설사업소","2021-07-01","4580000",""
